"G magnitude","correction term DR2","correction term EDR3"
3.5,0.0790473286232177,-0.016793753957008
3.51,0.079044857410409,-0.0162969991374303
3.52,0.0790423785142299,-0.0157994836641942
3.53,0.0790398892777487,-0.0153009445010527
3.54,0.0790373870440337,-0.0148011186117585
3.55,0.0790348691561531,-0.0142997429600646
3.56,0.0790323329571749,-0.0137965545097237
3.57,0.0790297757009537,-0.0132912813923088
3.58,0.0790271925894229,-0.0127834485992569
3.59,0.0790245767725959,-0.0122723779818686
3.6,0.0790219213112717,-0.011757382559265
3.61,0.0790187923910801,-0.0112365646132835
3.62,0.0790150845124126,-0.0107097961590375
3.63,0.0790112832082114,-0.0101790448155622
3.64,0.0790078740114183,-0.0096462782018929
3.65,0.0790053425785473,-0.00911347617068014
3.66,0.0790041774082654,-0.00858289994772975
3.67,0.0790048698413925,-0.00805709213200282
3.68,0.0790079113423207,-0.00753860755607575
3.69,0.0790137933754418,-0.00703000105252509
3.7,0.0790230074051479,-0.00653382745392722
3.71,0.0790359810558104,-0.00605192097157604
3.72,0.0790528865917203,-0.00558323333163469
3.73,0.0790738324371479,-0.00512599563898372
3.74,0.0790989295422589,-0.0046786890621373
3.75,0.0791282989608003,-0.00424079502414425
3.76,0.0791620642724144,-0.00381204501168704
3.77,0.0792003490567432,-0.0033921705114481
3.78,0.079243276893429,-0.00298090301010992
3.79,0.079290971362114,-0.00257797399435497
3.8,0.0793435560424404,-0.00218311495086571
3.81,0.0794008531177301,-0.00179607462515797
3.82,0.0794614800104465,-0.00141675241596426
3.83,0.0795237560444252,-0.0010453914523822
3.84,0.0795860013679246,-0.000682316481392463
3.85,0.0796465361292033,-0.00032785224997562
3.86,0.0797036804765197,1.76764948876598e-05
3.87,0.0797557545581323,0.000353945006216765
3.88,0.0798010785222997,0.000680628537031054
3.89,0.0798379725172804,0.00099740234034993
3.9,0.0798647564128018,0.00130396924376941
3.91,0.0798797436723765,0.00160066629014953
3.92,0.0798813577312971,0.00188842914208442
3.93,0.0798684872583036,0.00216807865462595
3.94,0.0798401373001309,0.0024404000872962
3.95,0.0797953129035137,0.00270617869961733
3.96,0.079733019115187,0.00296619975111139
3.97,0.0796522609818853,0.00322124850130054
3.98,0.0795520430606191,0.0034721586924368
3.99,0.0794313586447341,0.00372087916956134
4,0.0792891897639113,0.00397047388050432
4.01,0.0791245179581075,0.00422405525582591
4.02,0.0789366318170821,0.00448394419999057
4.03,0.0787260481298063,0.00474929551308005
4.04,0.0784935907350538,0.00501847246908038
4.05,0.0782400834715985,0.00528983834197762
4.06,0.0779663501782144,0.00556175640575784
4.07,0.0776732132305453,0.00583273478429229
4.08,0.0773614891517141,0.00610186100099309
4.09,0.077031993001714,0.00636836742915759
4.1,0.0766855398405379,0.00663148644208312
4.11,0.0763229447281787,0.00689045041306707
4.12,0.0759450227246294,0.00714449171540671
4.13,0.0755527241806358,0.00739321507013068
4.14,0.0751475406099539,0.00763771458919254
4.15,0.0747311009534307,0.00787924523480953
4.16,0.0743050426972655,0.00811821597932827
4.17,0.0738710054639955,0.00835482429762777
4.18,0.0734306288761579,0.00858926766458704
4.19,0.0729855525562899,0.00882174355508512
4.2,0.0725374161269288,0.00905244944400097
4.21,0.0720878592106118,0.0092815828062136
4.22,0.0716385214298761,0.00950934111660205
4.23,0.0711909608001395,0.0097361171906661
4.24,0.0707464149589312,0.00996248619795532
4.25,0.0703060469426078,0.010188525059928
4.26,0.0698710201059776,0.0104142791712826
4.27,0.0694424978038494,0.0106397939267178
4.28,0.0690216433910314,0.0108651147209322
4.29,0.0686096202223323,0.0110902869486242
4.3,0.0682075916525606,0.0113153560044926
4.31,0.067816721167628,0.0115403543040264
4.32,0.0674381752688179,0.0117650157408975
4.33,0.0670731234727858,0.0119887756869603
4.34,0.0667226052395406,0.0122111058447017
4.35,0.0663871392780928,0.0124316751559749
4.36,0.066067114109703,0.0126502018724749
4.37,0.0657629182556321,0.0128664042458967
4.38,0.0654749402371409,0.0130800005279352
4.39,0.06520356857549,0.0132907089702854
4.4,0.0649491925912983,0.013498168688199
4.41,0.0647122048026167,0.013701702251154
4.42,0.064492998526854,0.0139005530921852
4.43,0.064291967081419,0.0140939646443275
4.44,0.0641091398913829,0.0142813516689679
4.45,0.0639430908124664,0.0144628142409029
4.46,0.0637920298080523,0.0146386237632817
4.47,0.0636541668415236,0.014809051639253
4.48,0.0635277120841638,0.0149743486898102
4.49,0.0634108765388586,0.0151346834073237
4.5,0.0633018714163943,0.0152902037020083
4.51,0.0631989079275572,0.0154410574840789
4.52,0.0631001972831336,0.0155873926637503
4.53,0.0630039506939098,0.0157293571512373
4.54,0.0629083793706722,0.0158670988567547
4.55,0.0628117115540892,0.0160005488045702
4.56,0.0627122434922103,0.0161287815778075
4.57,0.0626082858835653,0.0162509102344552
4.58,0.0624981468472815,0.0163663031933145
4.59,0.0623801343903386,0.0164743399758306
4.6,0.0622525565197159,0.0165744001034485
4.61,0.0621137212423932,0.0166658630976134
4.62,0.0619619365653499,0.0167481084797704
4.63,0.0617955104955657,0.0168205157713647
4.64,0.0616127508778605,0.0168824805476266
4.65,0.0614123675552844,0.0169338224423519
4.66,0.0611946895528087,0.0169749496124241
4.67,0.0609604514611426,0.0170063410900187
4.68,0.060710387870995,0.0170284759073113
4.69,0.0604452333730751,0.0170418330964776
4.7,0.0601657225580918,0.0170468916896931
4.71,0.0598725900167543,0.0170441307191335
4.72,0.0595665703397716,0.0170340292169745
4.73,0.0592483972432095,0.0170171528050763
4.74,0.0589188009445606,0.016994413464039
4.75,0.0585785034449968,0.0169666675105659
4.76,0.0582281973789797,0.0169342022470355
4.77,0.0578685680392933,0.0168971627222449
4.78,0.0575003007187215,0.0168556939849914
4.79,0.0571240807100486,0.016809941084072
4.8,0.0567405933060585,0.016760049068284
4.81,0.0563505232300225,0.016706219368178
4.82,0.0559545529271615,0.0166488789413186
4.83,0.0555533642731836,0.0165885111270241
4.84,0.0551476391437966,0.0165255992646126
4.85,0.0547380594147088,0.0164606266934021
4.86,0.0543252160915924,0.0163938048668702
4.87,0.0539093366999765,0.0163242576951314
4.88,0.0534905578953544,0.0162508372024595
4.89,0.0530690163458518,0.0161723941625047
4.9,0.0526448490101437,0.0160877505845718
4.91,0.0522181931374537,0.0159956997136201
4.92,0.0517891859896381,0.0158950335439852
4.93,0.0513579648285533,0.0157845440700029
4.94,0.0509246669160554,0.0156630232860088
4.95,0.0504894295140009,0.0155292631863385
4.96,0.0500524426271076,0.015382570096399
4.97,0.0496141073436946,0.0152242965625906
4.98,0.0491748800744953,0.0150560540866828
4.99,0.0487352198097955,0.0148791987947428
5,0.0482955856520354,0.0146950757095467
5.01,0.0478564367036554,0.0145050298538702
5.02,0.0474182320670957,0.0143104062504894
5.03,0.0469814308447967,0.01411254992218
5.04,0.0465464921391986,0.0139128058917179
5.05,0.0461138750527418,0.0137125191818792
5.06,0.0456840391795912,0.0135129861346932
5.07,0.0452573497857588,0.0133151459296171
5.08,0.0448337874487729,0.0131192393070171
5.09,0.04441323645111,0.012925344567673
5.1,0.0439955810752466,0.0127335400123646
5.11,0.0435807056036591,0.0125439039418718
5.12,0.0431684943188241,0.0123565146569746
5.13,0.0427588315032179,0.0121714504584528
5.14,0.0423516015711664,0.0119887765939944
5.15,0.0419466894643932,0.0118085060989204
5.16,0.0415439802564712,0.01163063895546
5.17,0.0411433593431262,0.0114551297690389
5.18,0.0407447134086961,0.0112817516378692
5.19,0.0403479294596716,0.0111102322833597
5.2,0.0399528945025434,0.010940299426919
5.21,0.0395594955438024,0.0107716807899559
5.22,0.0391676195989076,0.010604103205997
5.23,0.0387771538895942,0.0104372730872768
5.24,0.0383879858438726,0.0102708764247383
5.25,0.038000002898722,0.010104598321442
5.26,0.0376130924911215,0.00993812388044861
5.27,0.0372271420580502,0.00977113820481875
5.28,0.0368420965943971,0.00960337378629679
5.29,0.0364581313266914,0.00943475267136226
5.3,0.0360754790423147,0.00926524400386243
5.31,0.035694372596328,0.00909481022737729
5.32,0.0353150449114719,0.00892340708521954
5.33,0.0349377289134295,0.00875099002938587
5.34,0.034562657527884,0.00857751451187299
5.35,0.0341900636805186,0.00840293598467761
5.36,0.0338201802970162,0.00822720989979643
5.37,0.0334532403030601,0.00805029170922616
5.38,0.0330895089564635,0.00787224772383102
5.39,0.0327293806259278,0.00769360923546381
5.4,0.0323732811417589,0.0075151045769196
5.41,0.0320216361166307,0.00733748362651209
5.42,0.0316748711632174,0.00716149626255496
5.43,0.031333411894193,0.00698789236336192
5.44,0.0309976839222318,0.00681742180724666
5.45,0.0306681128600077,0.00665083447252289
5.46,0.030345124320195,0.00648888023750432
5.47,0.0300291434973122,0.00633235037789822
5.48,0.029720593913256,0.00618220175898618
5.49,0.0294198207597482,0.00603916791491532
5.5,0.029126857580433,0.00590292346572039
5.51,0.0288416600069355,0.00577287830290809
5.52,0.0285641836708803,0.00564844231798511
5.53,0.0282943842038925,0.00552902540245813
5.54,0.0280322172375969,0.00541403744783387
5.55,0.0277776384030487,0.0053028884020317
5.56,0.0275306033181968,0.0051949895104633
5.57,0.0272910675878844,0.00508975331603261
5.58,0.0270589868163848,0.00498659241805626
5.59,0.0268343221908873,0.00488503554005342
5.6,0.0266170572302454,0.0047850759023533
5.61,0.0264071810362283,0.00468682284948764
5.62,0.0262046827106057,0.00459038572598815
5.63,0.0260095513997495,0.00449586946073659
5.64,0.0258217772758897,0.00440327742266493
5.65,0.0256413515371146,0.00431251142075542
5.66,0.0254682654261147,0.00422346884834027
5.67,0.0253025101855807,0.00413604709875171
5.68,0.0251440770582032,0.00405014356532199
5.69,0.0249929276738727,0.00396567341986157
5.7,0.0248489052112775,0.00388262294809383
5.71,0.0247118232363062,0.0038009962142204
5.72,0.0245814954606661,0.0037207828463499
5.73,0.024457736179341,0.00364191472821887
5.74,0.0243403598331339,0.00356430930747082
5.75,0.0242291808628479,0.00348788403174928
5.76,0.0241240137092859,0.00341255634869777
5.77,0.024024672813251,0.0033382437059598
5.78,0.0239309726155461,0.00326486355117889
5.79,0.0238427275569743,0.00319233333199859
5.8,0.0237597405305589,0.00312051879344438
5.81,0.0236817678213976,0.00304912013403408
5.82,0.0236085536841889,0.0029778336289945
5.83,0.0235398423516941,0.00290635772534007
5.84,0.0234753780566744,0.00283439087008522
5.85,0.0234149050318912,0.00276163151024438
5.86,0.0233581675101058,0.00268777809283196
5.87,0.0233049097240793,0.0026125290648624
5.88,0.0232548758801218,0.00253558549204424
5.89,0.0232078095761595,0.00245670867005095
5.9,0.0231634822365759,0.00237579239259278
5.91,0.0231217789986654,0.00229302214436165
5.92,0.0230826134345629,0.00220865567812137
5.93,0.0230458991164036,0.00212295074663574
5.94,0.0230115496163223,0.00203616510266858
5.95,0.0229794785064542,0.00194855649898368
5.96,0.022949599358934,0.00186038268834486
5.97,0.0229218255730956,0.00177191853085718
5.98,0.0228960698570666,0.00168350731599075
5.99,0.0228722447461736,0.00159550944055695
6,0.0228502627757429,0.00150828530136715
6.01,0.0228300402684412,0.00142211325850493
6.02,0.0228115086962951,0.0013369435251428
6.03,0.0227946033186717,0.00125264427772548
6.04,0.0227792593949377,0.00116908369269771
6.05,0.0227654122857735,0.00108611991647117
6.06,0.0227529977571134,0.00100357097532542
6.07,0.0227419516762051,0.000921244865506937
6.08,0.0227322099102961,0.000838949583262236
6.09,0.0227237083266342,0.000756493124837821
6.1,0.0227163827924672,0.00067368348648019
6.11,0.0227101761347159,0.000590456409543403
6.12,0.0227050590189946,0.000507258615811713
6.13,0.0227010091097903,0.000424660691452448
6.14,0.0226980049731722,0.0003431439659692
6.15,0.0226960260767922,0.000263100512201889
6.16,0.0226950519275012,0.000184918522265902
6.17,0.0226950620321502,0.000108986188276641
6.18,0.0226960358975903,3.56917023494984e-05
6.19,0.0226979530306724,-3.45767434001243e-05
6.2,0.0227007929382477,-0.000101430956856838
6.21,0.0227045351374058,-0.000164483759545257
6.22,0.0227091451429651,-0.000223442242306464
6.23,0.0227145317541817,-0.000278320632085607
6.24,0.0227205895427867,-0.000329205125063759
6.25,0.0227272130805113,-0.000376181917421984
6.26,0.0227342969390868,-0.000419337205341352
6.27,0.0227417356902442,-0.000458757185002924
6.28,0.022749423905715,-0.000494528052587774
6.29,0.0227572561572301,-0.00052673600427696
6.3,0.0227651269011755,-0.000555455817063398
6.31,0.0227729301325558,-0.000580716591187363
6.32,0.0227805598635973,-0.000602605461584739
6.33,0.0227879106367956,-0.000621487378726429
6.34,0.0227948771272135,-0.000637796746967093
6.35,0.0228013540099137,-0.000651967970661395
6.36,0.022807235959959,-0.000664435454163992
6.37,0.0228124176524121,-0.000675633601829549
6.38,0.0228167937066243,-0.000685991302556722
6.39,0.0228202585190998,-0.000695915383420172
6.4,0.0228227064306314,-0.000705807156038555
6.41,0.0228240317820118,-0.000716067932030532
6.42,0.0228241289140338,-0.000727099023014761
6.43,0.0228229095144222,-0.000739234070299658
6.44,0.0228203546586314,-0.000752536033952676
6.45,0.0228164627690477,-0.00076700020373103
6.46,0.0228112322650647,-0.000782621573082601
6.47,0.0228046614972362,-0.000799388320340732
6.48,0.0227967487472767,-0.000817281808724221
6.49,0.0227874922939075,-0.000836283105142539
6.5,0.0227768904158499,-0.000856373276505156
6.51,0.0227649413918253,-0.000877533389721544
6.52,0.0227516435005551,-0.000899744511701174
6.53,0.0227370065795458,-0.000922967755358381
6.54,0.0227210866870654,-0.00094708299410412
6.55,0.0227039511094498,-0.000971917406329437
6.56,0.0226856668023174,-0.000997265429400583
6.57,0.0226663007069077,-0.001022920077161
6.58,0.02264591976446,-0.00104867436345412
6.59,0.0226245909162137,-0.00107432130212338
6.6,0.0226023811034082,-0.00109965390701223
6.61,0.022579357267283,-0.0011244651919641
6.62,0.0225555863490775,-0.00114854817082244
6.63,0.0225311304809585,-0.00117172116771885
6.64,0.0225060325588032,-0.00119390374793772
6.65,0.0224803306694165,-0.00121504078705159
6.66,0.0224540628996029,-0.00123507716063302
6.67,0.0224272673361672,-0.00125395774425455
6.68,0.022399982065914,-0.00127162741348874
6.69,0.0223722451756482,-0.00128803104390815
6.7,0.0223440947521744,-0.00130311351108532
6.71,0.0223155689677849,-0.00131682815385703
6.72,0.0222867063367219,-0.00132916216411689
6.73,0.0222575454587153,-0.00134011119702273
6.74,0.0222281202023049,-0.00134966487084487
6.75,0.0221984455112708,-0.0013577886563034
6.76,0.0221685315982029,-0.00136444198723091
6.77,0.0221383886756914,-0.00136958429745996
6.78,0.0221080269563263,-0.00137317502082314
6.79,0.0220774566813843,-0.00137517643113483
6.8,0.022046688751936,-0.00137561612179146
6.81,0.0220157347288456,-0.00137458700577145
6.82,0.021984606201664,-0.00137218483603507
6.83,0.0219533147599421,-0.00136850536554259
6.84,0.021921863234788,-0.00136362134371295
6.85,0.0218902194235374,-0.00135751350579997
6.86,0.0218583423650831,-0.00135013958351612
6.87,0.021826191119416,-0.00134145939729343
6.88,0.0217937252317852,-0.00133148080811321
6.89,0.0217609047326978,-0.00132025971750602
6.9,0.0217276896737591,-0.00130785411572197
6.91,0.0216940401065743,-0.00129432199301115
6.92,0.0216599160827489,-0.00127972133962368
6.93,0.021625277653888,-0.00126411014580964
6.94,0.0215900848715969,-0.00124754640181914
6.95,0.021554303208554,-0.00123009997647553
6.96,0.0215179198162565,-0.00121188771105408
6.97,0.0214809272453824,-0.00119303615803907
6.98,0.0214433180411362,-0.00117367132807373
6.99,0.0214050847487225,-0.00115391923180127
7,0.0213662199133462,-0.00113390587986494
7.01,0.0213267160802117,-0.00111375728290794
7.02,0.0212865657945237,-0.0010935994515735
7.03,0.0212457616014869,-0.00107355839650484
7.04,0.0212042959435379,-0.00105374995429958
7.05,0.021162175485407,-0.00103424267431115
7.06,0.0211194653225224,-0.00101506856760044
7.07,0.0210762451836789,-0.000996253054166583
7.08,0.021032594797671,-0.000977821554008749
7.09,0.0209885938932935,-0.000959799487126087
7.1,0.0209443221993411,-0.000942212273517751
7.11,0.0208998594446083,-0.000925085333182893
7.12,0.0208552853451827,-0.000908442828107736
7.13,0.0208106793248861,-0.000892279985981092
7.14,0.0207661205152748,-0.00087656310019435
7.15,0.0207216880351976,-0.000861257206125979
7.16,0.0206774533875673,-0.000846331486664571
7.17,0.0206334576115506,-0.000831771714739251
7.18,0.0205897341303778,-0.000817567810789271
7.19,0.0205463163672795,-0.000803709695253884
7.2,0.0205032377343124,-0.000790186182398548
7.21,0.0204605313865436,-0.000776960644491395
7.22,0.0204182302220502,-0.000763971011803232
7.23,0.020376367127736,-0.000751154108431073
7.24,0.0203349749905046,-0.000738446758471927
7.25,0.0202940866972598,-0.000725785786022808
7.26,0.0202537220568238,-0.00071314256229861
7.27,0.020213848565694,-0.000700626646985769
7.28,0.0201744206422861,-0.000688382146888605
7.29,0.0201353926577104,-0.000676548485557577
7.3,0.0200967187938548,-0.000665246353527684
7.31,0.0200583531853018,-0.000654591758080065
7.32,0.0200202499666335,-0.000644700706495858
7.33,0.0199823632724322,-0.000635689206056199
7.34,0.0199446472372804,-0.000627673264042225
7.35,0.0199070559957602,-0.000620768887735075
7.36,0.019869543682454,-0.000615092084415885
7.37,0.0198320666480924,-0.000610736408043844
7.38,0.0197945901079988,-0.000607705599290341
7.39,0.0197570814936451,-0.000605980945504818
7.4,0.019719508236503,-0.000605543734036716
7.41,0.0196818377680443,-0.000606375252235476
7.42,0.0196440375197407,-0.000608456787450537
7.43,0.0196060749230641,-0.000611769627031341
7.44,0.0195679174094862,-0.000616295058327329
7.45,0.0195295324151859,-0.000622014834705721
7.46,0.0194908874846091,-0.000628921427942642
7.47,0.0194519525000212,-0.000636997652364657
7.48,0.0194127062666056,-0.000646145284882229
7.49,0.0193731298190989,-0.000656245726547353
7.5,0.0193332041922374,-0.000667180378412021
7.51,0.0192929104207576,-0.000678830641528228
7.52,0.0192522295393959,-0.000691077916947969
7.53,0.0192111425840074,-0.000703803716486299
7.54,0.0191696306161803,-0.000716892099508761
7.55,0.0191276747232354,-0.000730229672931379
7.56,0.0190852559936125,-0.000743703154433244
7.57,0.0190423604575823,-0.000757199523034691
7.58,0.0189989939127403,-0.000770606803121073
7.59,0.0189551670985126,-0.000783813280418986
7.6,0.0189108907543258,-0.000796707240655032
7.61,0.0188661756196063,-0.000809176969555811
7.62,0.0188210323995746,-0.00082110736648524
7.63,0.0187754716626289,-0.000832369785356522
7.64,0.0187295039429614,-0.00084283219372018
7.65,0.0186831397747643,-0.000852362559126734
7.66,0.01863638969223,-0.000860828849126708
7.67,0.0185892642295508,-0.000868099031270622
7.68,0.0185417735208816,-0.000874068267923579
7.69,0.0184939261002287,-0.000878740500709005
7.7,0.0184457300751136,-0.000882144247770362
7.71,0.0183971934472681,-0.000884297554072929
7.72,0.0183483241919765,-0.000885215846287441
7.73,0.0182991302845233,-0.000884914551084631
7.74,0.0182496197001929,-0.000883409095135237
7.75,0.0181998004142697,-0.000880714905109991
7.76,0.018149680402038,-0.000876847407679628
7.77,0.0180992676387823,-0.000871822029514884
7.78,0.0180485640879914,-0.0008656554030966
7.79,0.0179975477791026,-0.000858380184170259
7.8,0.0179461908607523,-0.000850043202740515
7.81,0.0178944654875312,-0.000840691878286989
7.82,0.0178423438140296,-0.000830373630289299
7.83,0.0177897979948382,-0.00081913587822706
7.84,0.0177368001845476,-0.000807026041579891
7.85,0.0176833225377484,-0.000794091539827406
7.86,0.017629337225209,-0.00078038139406932
7.87,0.0175748167897916,-0.000765981462667474
7.88,0.0175197341464519,-0.000751014441245847
7.89,0.0174640729341056,-0.000735579785159237
7.9,0.0174078596227971,-0.000719677582205359
7.91,0.0173511313903529,-0.000703283078292666
7.92,0.0172939254145997,-0.000686371519329602
7.93,0.0172362788733639,-0.000668918151224615
7.94,0.0171782289444721,-0.00065089821988615
7.95,0.0171198129031173,-0.000632296610514392
7.96,0.0170610684139591,-0.000613136765476439
7.97,0.0170020332390234,-0.000593451766431127
7.98,0.0169427451403363,-0.000573274695037292
7.99,0.0168832485534987,-0.000552657338373461
8,0.0168236146084105,-0.000531726305196936
8.01,0.0167639211085467,-0.000510626909684705
8.02,0.0167042458573821,-0.000489504466013767
8.03,0.0166446666093261,-0.000468499430874048
8.04,0.0165852609225258,-0.000447732831007252
8.05,0.016526106306063,-0.000427320835668003
8.06,0.0164672802690194,-0.000407379614110946
8.07,0.0164088603204767,-0.000388025335590716
8.08,0.0163509239695166,-0.000369374169361944
8.09,0.0162935487252209,-0.000351542284679271
8.1,0.0162368164130064,-0.000334628170133301
8.11,0.0161808261096454,-0.000318658206999296
8.12,0.0161256808865563,-0.000303609248725691
8.13,0.0160714834934698,-0.000289426301598145
8.14,0.0160183366661293,-0.000276052987243057
8.15,0.0159663431402789,-0.000263432927286835
8.16,0.0159156056516624,-0.000251509743355875
8.17,0.0158662269360235,-0.000240227057076584
8.18,0.0158183097291061,-0.000229528490075363
8.19,0.015771956766654,-0.000219357663978615
8.2,0.0157272573396217,-0.000209637365429761
8.21,0.015684246959807,-0.000200207041140272
8.22,0.0156429476942182,-0.000190885302838648
8.23,0.0156033816098638,-0.000181490762253373
8.24,0.0155655707737523,-0.000171842031112947
8.25,0.0155295372528919,-0.000161757721145858
8.26,0.0154953031142912,-0.000151056444080601
8.27,0.0154628904249585,-0.000139556811645667
8.28,0.0154323212578009,-0.000127078019527937
8.29,0.0154036177093196,-0.000113441599247867
8.3,0.0153768018819144,-9.84696662842797e-05
8.31,0.0153518735887314,-8.20288271974719e-05
8.32,0.0153287434859003,-6.41636528735112e-05
8.33,0.0153072999402974,-4.49632052799198e-05
8.34,0.0152874313187985,-2.45165463842147e-05
8.35,0.0152690259882799,-2.91273815391371e-06
8.36,0.0152519723226602,1.97584602154568e-05
8.37,0.0152361588578405,4.33912532845089e-05
8.38,0.015221474291704,6.7863809369935e-05
8.39,0.0152078073291767,9.3053599560465e-05
8.4,0.0151950466751846,0.000118838094944797
8.41,0.0151830824699371,0.000145105648750488
8.42,0.0151718105947773,0.000171788142760454
8.43,0.0151611283663317,0.000198828340896446
8.44,0.0151509330838855,0.000226170723865854
8.45,0.0151411216478747,0.000253799258445531
8.46,0.0151315905598864,0.000281737397481862
8.47,0.015122236304166,0.000310010310606811
8.48,0.0151129553649591,0.000338643167452391
8.49,0.0151036442265113,0.000367661137650571
8.5,0.0150941993730683,0.000397089390833351
8.51,0.0150845222117531,0.000426959320792168
8.52,0.0150745338411994,0.000457327217956257
8.53,0.0150641603045638,0.000488253453992588
8.54,0.0150533277315858,0.000519789828881232
8.55,0.0150419622736506,0.000551985999680574
8.56,0.0150299900821432,0.000584891623448962
8.57,0.0150173373084488,0.000618556357244762
8.58,0.0150039301039525,0.000653029858126346
8.59,0.0149896946200395,0.000688361783152072
8.6,0.0149745570080948,0.000724601789380313
8.61,0.0149584437253876,0.000761769251355948
8.62,0.0149412944776741,0.000799750744578285
8.63,0.0149230973763999,0.000838355886066026
8.64,0.0149038525579615,0.000877382623846152
8.65,0.0148835601587559,0.000916628905945602
8.66,0.0148622203151797,0.000955892680391342
8.67,0.0148398331636296,0.00099497189521033
8.68,0.0148163988405024,0.00103366449842952
8.69,0.0147919174809158,0.00107176856469868
8.7,0.0147663891905701,0.00110908508099203
8.71,0.0147398140457483,0.00114541794660828
8.72,0.0147122114764657,0.00118060009828157
8.73,0.0146836783327846,0.00121458011599662
8.74,0.0146543308197787,0.00124733549055075
8.75,0.0146242851425219,0.00127884371274133
8.76,0.014593657506088,0.00130908227336568
8.77,0.0145625640835125,0.00133803183500305
8.78,0.0145311203109525,0.00136574601121605
8.79,0.0144994408876862,0.00139235136655068
8.8,0.0144676404809539,0.00141797763733484
8.81,0.0144358337579957,0.00144275455989641
8.82,0.0144041353860517,0.00146681187056327
8.83,0.0143726538833872,0.00149027304014422
8.84,0.0143414731723675,0.00151323647737161
8.85,0.0143106710263829,0.00153579432545869
8.86,0.0142803251986148,0.00155804072831746
8.87,0.014250513361408,0.00158007783265499
8.88,0.0142213131668986,0.00160200978587711
8.89,0.0141928022672223,0.00162394073538966
8.9,0.014165058314515,0.00164597482859844
8.91,0.0141381589609128,0.0016682162129093
8.92,0.0141121818585514,0.00169076903572807
8.93,0.0140871870924401,0.00171372374031299
8.94,0.0140631646333439,0.00173710068135812
8.95,0.0140400875019509,0.00176084542151432
8.96,0.0140179288732112,0.00178488825145858
8.97,0.0139966619220752,0.00180915946186782
8.98,0.013976259823493,0.00183358934341904
8.99,0.013956695752415,0.00185810818678918
9,0.0139379428837914,0.00188264628265521
9.01,0.0139199743925724,0.00190713392169409
9.02,0.0139027634655599,0.0019315002212814
9.03,0.0138862835621408,0.00195564731286099
9.04,0.0138705043715396,0.00197946271759745
9.05,0.0138553794238415,0.00200288228596416
9.06,0.0138408582063838,0.00202585424408695
9.07,0.0138268902065043,0.00204832681809173
9.08,0.0138134249115402,0.00207024823410434
9.09,0.0138004118088292,0.00209156671825066
9.1,0.0137878003721169,0.00211223184223735
9.11,0.0137755397625396,0.00213222412612863
9.12,0.0137635788286236,0.00215155503834639
9.13,0.0137518664053036,0.00217023739289328
9.14,0.0137403566974844,0.00218829622364978
9.15,0.0137290253899518,0.00220580544400779
9.16,0.0137178535374614,0.00222285118723705
9.17,0.013706822194769,0.00223951958660729
9.18,0.0136959124166304,0.00225589677538827
9.19,0.0136851050800369,0.00227208648552607
9.2,0.0136743803509223,0.00228826284367212
9.21,0.0136637182174559,0.0023046175751542
9.22,0.0136530986678069,0.00232134240530007
9.23,0.0136425016901448,0.00233862905943754
9.24,0.0136319072726389,0.00235666926289435
9.25,0.0136212886758564,0.00237561732886758
9.26,0.0136105922499566,0.00239547792203141
9.27,0.0135997576247953,0.00241621757240382
9.28,0.0135887244594207,0.00243779991990089
9.29,0.0135774324201798,0.00246018788191318
9.3,0.0135658211734192,0.00248334437583131
9.31,0.0135538303854856,0.00250723231904584
9.32,0.0135413997227258,0.00253181462894737
9.33,0.0135284688514867,0.00255705422292648
9.34,0.0135149774381148,0.00258291401837376
9.35,0.0135008651242475,0.00260935092271718
9.36,0.0134860717314797,0.00263627020286482
9.37,0.0134705373795115,0.00266353915709238
9.38,0.0134542022027164,0.00269102363100872
9.39,0.0134370063354681,0.00271858947022273
9.4,0.0134188899121402,0.00274610252034328
9.41,0.0133997930671062,0.00277342862697924
9.42,0.0133796559347398,0.00280043363573949
9.43,0.0133584186602861,0.00282698231595462
9.44,0.0133360216390345,0.0028529146825543
9.45,0.0133124291766808,0.00287808710066388
9.46,0.0132877002312384,0.0029025192775167
9.47,0.0132619174210824,0.00292627202494262
9.48,0.013235163364588,0.00294940615477151
9.49,0.0132075206801303,0.00297198247883325
9.5,0.0131790719860843,0.00299406180895771
9.51,0.0131498999008252,0.00301570495697477
9.52,0.0131200869992006,0.0030369770439381
9.53,0.013089715681948,0.00305796042779655
9.54,0.0130588683062775,0.00307874177572277
9.55,0.0130276272293992,0.00309940775488941
9.56,0.0129960840225823,0.00312003561060677
9.57,0.0129643671133336,0.00314066490073584
9.58,0.0129326141432191,0.00316132576127524
9.59,0.0129009627538049,0.00318204832822361
9.6,0.0128695505091688,0.00320287040892076
9.61,0.0128385146634353,0.00322386049607123
9.62,0.0128079923932406,0.00324509475372074
9.63,0.0127781208752211,0.00326664934591499
9.64,0.0127490372860131,0.00328860043669972
9.65,0.0127208788022528,0.00331102419012063
9.66,0.0126937674013801,0.00333396459632696
9.67,0.0126677642640496,0.00335733694988199
9.68,0.0126429153823671,0.00338102331732976
9.69,0.0126192669933356,0.00340488152039079
9.7,0.0125968655788555,0.00342874513596203
9.71,0.0125757576314747,0.00345244668681773
9.72,0.0125559896437413,0.00347581869573207
9.73,0.0125376081082031,0.00349869368547931
9.74,0.0125206595174082,0.00352090417883364
9.75,0.0125051903639045,0.00354228269856927
9.76,0.0124912471641962,0.00356265939580138
9.77,0.012478848486561,0.00358188596263681
9.78,0.0124678994533974,0.00360006389962448
9.79,0.0124582767118419,0.00361736842480432
9.8,0.012449856909031,0.00363397475621628
9.81,0.0124425166921015,0.0036500581119003
9.82,0.01243613270819,0.00366579370989632
9.83,0.012430581604433,0.00368135676824429
9.84,0.0124257400279673,0.00369692250498415
9.85,0.0124214845786537,0.0037126708184545
9.86,0.01241769166725,0.00372880032818857
9.87,0.01241423327515,0.00374549333779946
9.88,0.0124109638553927,0.00376284816602508
9.89,0.0124077334789289,0.00378094213538457
9.9,0.0124043922167091,0.00379985256839706
9.91,0.0124007901396842,0.00381965678758166
9.92,0.0123967773188046,0.00384043211545753
9.93,0.0123922035242971,0.00386228564621474
9.94,0.0123869173234926,0.00388544356072733
9.95,0.012380766982998,0.00391016181154027
9.96,0.0123736007694203,0.00393669635119856
9.97,0.0123652669493665,0.00396530313224716
9.98,0.0123556221216392,0.00399611987925764
9.99,0.0123445562138247,0.00402881140490776
10,0.0123319674857046,0.00406292429390185
10.01,0.0123177541755271,0.00409800726278456
10.02,0.0123018140262644,0.00413365806042745
10.03,0.0122840442856123,0.00416952346802903
10.04,0.0122643421797334,0.00420525239862808
10.05,0.0122426049347898,0.00424049376526345
10.06,0.0122187297769439,0.0042748964809739
10.07,0.0121926139323581,0.00430810945879826
10.08,0.0121641848891712,0.00433987604250539
10.09,0.0121334911991915,0.00437031573832665
10.1,0.0121006120387342,0.00439960659269567
10.11,0.0120656269466454,0.00442789076151827
10.12,0.0120286154775331,0.00445530884024257
10.13,0.0119896571860055,0.00448200142431664
10.14,0.0119488316266708,0.00450810910918861
10.15,0.011906218354137,0.00453377249030657
10.16,0.0118618969230124,0.00455913216311861
10.17,0.0118159468879052,0.00458432872307284
10.18,0.0117684479380267,0.00460948943987918
10.19,0.0117194904186741,0.00463466769583027
10.2,0.0116692052804348,0.00465982120962228
10.21,0.011617733591568,0.00468488711548684
10.22,0.0115652164203328,0.00470980254765552
10.23,0.0115117948349884,0.00473450464035997
10.24,0.0114576099037941,0.00475893052783177
10.25,0.011402802695009,0.00478301734430253
10.26,0.0113475144481404,0.00480668527043865
10.27,0.0112918870876882,0.0048297866726456
10.28,0.0112360627094004,0.00485215696376366
10.29,0.0111801654556818,0.00487363281127771
10.3,0.0111242476555651,0.00489405590125114
10.31,0.0110683436847398,0.00491326917439194
10.32,0.0110124879188953,0.00493111557140813
10.33,0.0109567147337211,0.0049474380330077
10.34,0.0109010585333038,0.00496207668858685
10.35,0.010845554374863,0.00497480700736961
10.36,0.0107902379687514,0.00498533979840789
10.37,0.0107351450537188,0.00499338305944179
10.38,0.010680311368515,0.00499864478821138
10.39,0.0106257813624578,0.00500094969266191
10.4,0.0105716343271383,0.00500058932155933
10.41,0.0105179582647153,0.00499797193387472
10.42,0.0104648411778273,0.00499350574112385
10.43,0.0104123710801376,0.00498759786334956
10.44,0.0103606359963347,0.00498065432912179
10.45,0.0103097239515862,0.00497308111955513
10.46,0.0102597229710597,0.00496528421576419
10.47,0.0102107210799231,0.00495766959886354
10.48,0.0101628063033439,0.00495064324996779
10.49,0.0101160666664899,0.00494461115019153
10.5,0.0100705750329602,0.00493985688060697
10.51,0.0100263432941822,0.00493620668597217
10.52,0.00998336687642429,0.00493349346642413
10.53,0.00994164088005772,0.0049315823859552
10.54,0.00990116040545356,0.00493033860855774
10.55,0.00986192055298286,0.00492962729822411
10.56,0.00982391642301673,0.00492931361894664
10.57,0.00978714311592626,0.0049292627347177
10.58,0.00975159573208254,0.00492933980952963
10.59,0.00971726934005895,0.00492941315534538
10.6,0.00968413987611908,0.00492939929038588
10.61,0.00965210894132734,0.00492919034793376
10.62,0.00962105970398728,0.00492865741217683
10.63,0.0095908753324025,0.00492767156730289
10.64,0.00956143899487656,0.00492610389749972
10.65,0.00953263385971304,0.00492382548695513
10.66,0.00950434309521555,0.00492070741985689
10.67,0.00947644985659957,0.00491662207611156
10.68,0.00944883699805506,0.00491147163715663
10.69,0.00942138707274638,0.00490518808596058
10.7,0.00939398262074989,0.00489770470121063
10.71,0.00936652579855871,0.00488898658179001
10.72,0.0093389972283335,0.00487912610736598
10.73,0.00931139714865173,0.00486824747780181
10.74,0.00928372579809088,0.0048564748929608
10.75,0.00925598341522844,0.0048439325527062
10.76,0.00922817019917759,0.00483074856386735
10.77,0.00920028619119429,0.00481706666113767
10.78,0.00917233139307022,0.00480303448617666
10.79,0.00914430580659703,0.0047887996806438
10.8,0.00911620943356638,0.00477450988619857
10.81,0.00908804262187231,0.00476032859308294
10.82,0.00905980710381829,0.00474648268586872
10.83,0.00903150495781014,0.00473321489771023
10.84,0.00900313835700769,0.00472075858111711
10.85,0.00897470985358669,0.00470930956602041
10.86,0.00894622209447692,0.00469905430170649
10.87,0.0089176777266081,0.00469017923746174
10.88,0.00888907939691,0.00468287082257255
10.89,0.00886042975231236,0.00467731550632527
10.9,0.00883173143974494,0.0046736997380063
10.91,0.00880298710613749,0.00467220996690202
10.92,0.00877419910017018,0.00467303418660931
10.93,0.00874536895730841,0.00467632896939839
10.94,0.00871649835451735,0.00468220889666522
10.95,0.00868758898875077,0.00469078657093373
10.96,0.00865864255696242,0.00470217459472786
10.97,0.00862966075610609,0.00471648557057152
10.98,0.00860064528313554,0.00473383210098865
10.99,0.00857159783500454,0.00475432678850318
11,0.00854252012571665,0.00477808054771012
11.01,0.00851341426142053,0.00480516547083941
11.02,0.0084842822908925,0.00483559754094843
11.03,0.00845512448188888,0.00486932190593555
11.04,0.00842594065264861,0.0049062664268916
11.05,0.00839673062141056,0.00494635896490746
11.06,0.00836749420641366,0.00498952738107395
11.07,0.00833823122589681,0.00503569953648193
11.08,0.0083089414980989,0.00508480329222225
11.09,0.00827962494247889,0.0051367564886002
11.1,0.00825028188337597,0.00519143688277885
11.11,0.00822091274634939,0.00524871221113566
11.12,0.00819151795695837,0.00530845021004819
11.13,0.00816209798310356,0.00537052804482704
11.14,0.00813265346205114,0.00543486059651553
11.15,0.00810318507340873,0.00550137217509006
11.16,0.0080736934967839,0.00556998709052705
11.17,0.00804417947959701,0.00564062293933952
11.18,0.00801464404051947,0.00571317046418672
11.19,0.00798508826603543,0.00578751369426453
11.2,0.00795551324262907,0.00586353665876875
11.21,0.00792592005678453,0.00594112338689528
11.22,0.007896309794986,0.0060201579078399
11.23,0.00786668356007194,0.00610052132808604
11.24,0.00783704252029814,0.00618208306326709
11.25,0.00780738786698595,0.00626470894188536
11.26,0.00777772094581666,0.00634824951081463
11.27,0.00774804325683141,0.00643254003530012
11.28,0.00771835630678264,0.00651741511616844
11.29,0.00768866160242282,0.00660270935424613
11.3,0.00765896065050438,0.00668825735035984
11.31,0.00762925495777978,0.00677389370533613
11.32,0.00759954603100147,0.00685945302000159
11.33,0.00756983538548103,0.00694478285695586
11.34,0.00754012458973791,0.00702978074772321
11.35,0.00751041524281759,0.00711435501088062
11.36,0.00748070894476403,0.00719841386615414
11.37,0.00745100729562119,0.0072818655332699
11.38,0.00742131189543303,0.0073646182319539
11.39,0.00739162434424351,0.00744658018193228
11.4,0.00736194624209659,0.00752765960293107
11.41,0.00733227918903624,0.00760776471467637
11.42,0.00730262470776857,0.00768681139333998
11.43,0.00727298401164837,0.00776474614087678
11.44,0.00724335823569772,0.00784152968666061
11.45,0.00721374851095928,0.00791714904395825
11.46,0.00718415596748082,0.00799159779700976
11.47,0.00715458173531013,0.00806486953005513
11.48,0.00712502694449498,0.00813695782733444
11.49,0.00709549272508318,0.00820785627308768
11.5,0.00706598009553431,0.00827756949878578
11.51,0.00703648962795519,0.00834614632482324
11.52,0.00700702178286449,0.00841364661882545
11.53,0.00697757702078082,0.00848013024841781
11.54,0.00694815580079462,0.00854566011009393
11.55,0.00691875857628352,0.00861031121582026
11.56,0.0068893857991969,0.00867416160643148
11.57,0.00686003792148417,0.00873728932276229
11.58,0.00683071537547945,0.00879977434756073
11.59,0.00680141814236527,0.00886174132758252
11.6,0.00677214575217255,0.00892335957359104
11.61,0.00674289771531695,0.00898480033826304
11.62,0.0067136735422141,0.00904623487427527
11.63,0.00668447274327965,0.00910783443430446
11.64,0.00665529482892926,0.00916977027102739
11.65,0.0066261392951826,0.00923215450279733
11.66,0.00659700555928605,0.00929486480842726
11.67,0.00656789253673317,0.00935776798073777
11.68,0.00653879865566063,0.00942077906088054
11.69,0.00650972232301566,0.00948381518776076
11.7,0.0064806619457455,0.00954679350028363
11.71,0.00645161593079738,0.00960963113735436
11.72,0.00642258268511854,0.00967224523787812
11.73,0.00639356061565623,0.00973455294076013
11.74,0.00636454812935768,0.00979647138490557
11.75,0.00633554358030008,0.0098579167096577
11.76,0.00630654511108045,0.00991880105611192
11.77,0.00627755081142577,0.00997903556580171
11.78,0.00624855877106301,0.0100385313802605
11.79,0.00621956707971915,0.0100971996410218
11.8,0.00619057382712116,0.0101549514896191
11.81,0.00616157710299603,0.0102116980675858
11.82,0.00613257499707072,0.0102673505164553
11.83,0.00610356572042553,0.010321807963782
11.84,0.00607454796955408,0.0103749214812032
11.85,0.00604552056230328,0.0104265301263771
11.86,0.00601648245114572,0.0104765169237785
11.87,0.00598743312705658,0.0105249407651491
11.88,0.00595837221563675,0.0105719045090474
11.89,0.00592929934248705,0.0106175110140317
11.9,0.00590021413320833,0.0106618631386605
11.91,0.00587111622821705,0.0107050622747487
11.92,0.00584200560868823,0.0107471760790109
11.93,0.00581288259655549,0.0107882384730616
11.94,0.00578374752856803,0.0108282819117717
11.95,0.00575460074147508,0.0108673388500121
11.96,0.00572544309180137,0.0109054394775036
11.97,0.00569627751517386,0.0109426049233652
11.98,0.00566710746699506,0.010978854051566
11.99,0.00563793640930486,0.0110142050689711
12,0.00560876795680364,0.0110486610690594
12.01,0.00557960587685224,0.0110822100319235
12.02,0.00555045394344892,0.0111148392805523
12.03,0.00552131593059191,0.0111465361379349
12.04,0.00549219561227949,0.0111772879270599
12.05,0.0054630967625099,0.0112070819709165
12.06,0.0054340231552814,0.0112359055924934
12.07,0.00540497838285498,0.0112637490462146
12.08,0.00537596538368455,0.0112906070711924
12.09,0.00534698720705454,0.0113164483737659
12.1,0.00531804697539129,0.0113412344192219
12.11,0.00528914781112115,0.0113649266728474
12.12,0.00526029283667049,0.0113874865999295
12.13,0.00523148517446566,0.011408875665755
12.14,0.00520272794693302,0.011429055335611
12.15,0.00517402427649891,0.0114479870747844
12.16,0.00514537742303504,0.011465618741474
12.17,0.00511678310822983,0.0114818691564914
12.18,0.0050882048393587,0.0114967450974183
12.19,0.00505959803573248,0.0115102787328014
12.2,0.00503091811666198,0.0115225022311875
12.21,0.00500212050145804,0.0115334477611233
12.22,0.00497316060943149,0.0115431474911553
12.23,0.00494399385989315,0.0115516335898302
12.24,0.00491457568290004,0.0115589371618212
12.25,0.00488486175567176,0.0115650648427067
12.26,0.00485480800259047,0.0115699987989709
12.27,0.00482437035878454,0.0115737201332244
12.28,0.0047934910327408,0.011576215401278
12.29,0.00476205732637997,0.0115774929717442
12.3,0.00472994281498127,0.0115775666664356
12.31,0.0046970210738239,0.0115764503071649
12.32,0.00466316566225666,0.0115741592928558
12.33,0.00462824977322882,0.0115707452959825
12.34,0.00459214623329018,0.0115662962625699
12.35,0.0045547278530601,0.0115609017157538
12.36,0.00451586744315797,0.01155465117867
12.37,0.00447543781420316,0.0115476341744542
12.38,0.00443337692904643,0.0115399298037206
12.39,0.00438988335946407,0.0115315754769968
12.4,0.00434522082946378,0.0115225981822888
12.41,0.00429965284200276,0.011513046791601
12.42,0.00425344201583621,0.0115030577129323
12.43,0.00420685074866888,0.0114927892382803
12.44,0.00416014143820551,0.0114823996596423
12.45,0.00411357648215084,0.0114720472690159
12.46,0.00406741827820962,0.0114618903583985
12.47,0.00402192922408658,0.0114520872197876
12.48,0.00397734174339319,0.0114427540247446
12.49,0.00393376823409871,0.0114338512607367
12.5,0.00389129060300233,0.0114253484853955
12.51,0.00384999062763408,0.0114172280540028
12.52,0.00380995008552398,0.0114094723218401
12.53,0.00377125075420203,0.0114020636441893
12.54,0.00373397441119825,0.011394984376332
12.55,0.00369820283404268,0.0113882168735499
12.56,0.00366401780026531,0.0113817434911247
12.57,0.00363150106743213,0.0113755485607788
12.58,0.003600733933936,0.011369661872371
12.59,0.00357174450122622,0.0113641449135842
12.6,0.0035443498997061,0.0113590061072924
12.61,0.00351831452200848,0.0113542401160575
12.62,0.00349340276076618,0.0113498416024411
12.63,0.00346937900861204,0.0113458052290048
12.64,0.00344600765817889,0.0113421256583105
12.65,0.00342305308382446,0.0113387993621553
12.66,0.00340027923957902,0.0113358644247539
12.67,0.00337744965914539,0.011333400542738
12.68,0.00335432785795131,0.0113314892219753
12.69,0.00333070180325505,0.0113302298110181
12.7,0.00330645726963708,0.011329793029159
12.71,0.00328150448350845,0.0113303674383754
12.72,0.00325575367128018,0.0113321416006447
12.73,0.00322911505936332,0.0113353040779446
12.74,0.00320149906637494,0.0113400244038532
12.75,0.00317281687975634,0.0113463959983522
12.76,0.00314297987915486,0.011354493253024
12.77,0.00311189944421786,0.011364390559451
12.78,0.00307948695459268,0.0113761623092155
12.79,0.00304565378992667,0.0113898828939001
12.8,0.00301034045803027,0.011405643643981
12.81,0.00297360397936631,0.011423603645511
12.82,0.002935531290879,0.0114438608799244
12.83,0.00289621248278575,0.0114662011546079
12.84,0.00285573843362232,0.0114903322334358
12.85,0.00281420002192443,0.0115159618802827
12.86,0.00277168812622782,0.0115427978590228
12.87,0.00272829362506821,0.0115705479335307
12.88,0.00268410739698135,0.0115989198676808
12.89,0.00263922032050297,0.0116276214253475
12.9,0.00259372949017165,0.0116563757793352
12.91,0.00254775843584456,0.0116848121787625
12.92,0.00250143872278996,0.0117123951602609
12.93,0.00245490199897649,0.011738581073125
12.94,0.00240827991237281,0.0117628262666495
12.95,0.00236170411094753,0.0117845870901287
12.96,0.00231530624266932,0.0118033198928573
12.97,0.00226921795550683,0.0118184810241297
12.98,0.00222357089742868,0.0118295268332406
12.99,0.00217849584120966,0.0118360003136753
13,0.00213412005884919,0.0118377910356832
13.01,0.00209055764847107,0.0118348653946697
13.02,0.00204787351347213,0.0118271505099001
13.03,0.00200612025856746,0.011814563681605
13.04,0.00196535048847213,0.0117970222100147
13.05,0.00192561680790124,0.0117744433953598
13.06,0.00188697182156986,0.0117467445378707
13.07,0.00184946695369028,0.0117139598075552
13.08,0.00181314890646358,0.0116765908535303
13.09,0.00177806320158804,0.0116352561946901
13.1,0.00174425536076192,0.0115905743499289
13.11,0.00171176144311447,0.0115431529522175
13.12,0.00168057965749869,0.0114935560908321
13.13,0.00165069875019858,0.0114423369691258
13.14,0.00162210746749809,0.0113900487904512
13.15,0.00159479458326307,0.0113372420275557
13.16,0.0015687495057425,0.0112844043492563
13.17,0.00154396227756849,0.0112319606204402
13.18,0.00152042296895502,0.011180332975389
13.19,0.00149812165011608,0.011129943548384
13.2,0.00147704839126566,0.0110812144737068
13.21,0.00145719326261774,0.0110345678856389
13.22,0.00143854256410719,0.0109904156800867
13.23,0.00142106759740862,0.0109491205967014
13.24,0.00140473779960808,0.0109108464733916
13.25,0.0013895245134822,0.0108755684846987
13.26,0.00137539916466376,0.0108432536024089
13.27,0.0013623331787855,0.0108138687983085
13.28,0.00135029798148017,0.0107873810441836
13.29,0.00133926499838054,0.0107637573118206
13.3,0.00132920565511934,0.0107429645730056
13.31,0.00132009137732935,0.0107249697995249
13.32,0.0013118833633582,0.0107097057267007
13.33,0.00130450190241306,0.0106969681439996
13.34,0.00129785705641599,0.0106865186044241
13.35,0.00129185888728906,0.0106781186609766
13.36,0.00128641745695433,0.0106715298666597
13.37,0.00128144282733385,0.010666513774476
13.38,0.00127684506034969,0.0106628319374279
13.39,0.00127253421792391,0.010660245908518
13.4,0.00126842031711027,0.0106585216827092
13.41,0.00126441319548942,0.0106574430228061
13.42,0.00126042211488269,0.0106568087963732
13.43,0.00125635421354753,0.0106564605221747
13.44,0.00125211609885039,0.0106562503817743
13.45,0.0012476143781577,0.0106560305567358
13.46,0.00124275565883592,0.0106556532286229
13.47,0.00123744654825149,0.0106549705789995
13.48,0.00123159364436104,0.0106538357210023
13.49,0.00122510332869513,0.0106521231939472
13.5,0.00121788176635828,0.0106497289633288
13.51,0.00120983511304519,0.010646549926215
13.52,0.00120086952445054,0.0106424829796735
13.53,0.00119090321768355,0.0106374368452191
13.54,0.00117990265551158,0.0106313675421541
13.55,0.00116784636211652,0.0106242429142278
13.56,0.00115471285297946,0.0106160316665684
13.57,0.00114048044346318,0.0106067223160172
13.58,0.00112512724881212,0.010596323191129
13.59,0.00110863137556996,0.0105848434818374
13.6,0.00109097093028036,0.010572292378076
13.61,0.00107212401948697,0.0105586790697784
13.62,0.00105206874973346,0.010544012746878
13.63,0.00103079518497516,0.0105283019692979
13.64,0.001008341218814,0.010511552776918
13.65,0.000984756656467307,0.0104937751134416
13.66,0.000960091119967175,0.0104749970579062
13.67,0.000934394185549419,0.0104552512231832
13.68,0.000907715429449851,0.0104345702221438
13.69,0.000880104427904282,0.0104129866676594
13.7,0.00085161075714851,0.0103905331726013
13.71,0.000822283993418359,0.0103672423498407
13.72,0.000792173712949633,0.0103431468122489
13.73,0.000761329489366256,0.0103182794312742
13.74,0.000729803799162678,0.0102926804911877
13.75,0.000697660769493781,0.0102664160488996
13.76,0.000664967440832525,0.0102395585398359
13.77,0.000631790853651877,0.0102121803994222
13.78,0.000598198048424785,0.0101843540630845
13.79,0.000564256065624209,0.0101561519662484
13.8,0.000530031945723123,0.0101276465443399
13.81,0.000495592730652615,0.0100989100884293
13.82,0.000461005495880898,0.0100700115694126
13.83,0.000426337350413299,0.0100410166380112
13.84,0.000391653075853562,0.0100119894898651
13.85,0.000357008138366548,0.00998298907771077
13.86,0.000322455675257383,0.00995407304355866
13.87,0.000288048823831201,0.00992529902941921
13.88,0.000253840721393151,0.00989672467730288
13.89,0.000219884506508242,0.00986840750449211
13.9,0.000186233346718704,0.00984040215952506
13.91,0.000152940438543981,0.00981276042219563
13.92,0.000120058979763397,0.00978553394756972
13.93,8.7642168156281e-05,0.00975877439071322
13.94,5.57432015019447e-05,0.009732533406692
13.95,2.44083302496421e-05,0.00970685571989255
13.96,-6.34398447164459e-06,0.00968175833198378
13.97,-3.65022288630198e-05,0.00965725131395516
13.98,-6.6054878661905e-05,0.00963334370089211
13.99,-9.4990367751011e-05,0.0096100403842637
14,-0.000123297119549371,0.00958734521963493
14.01,-0.000150963557476014,0.00956526206257077
14.02,-0.000177978104949982,0.00954379476863622
14.03,-0.000204329185390304,0.00952294719339626
14.04,-0.000230005222216018,0.00950272319241589
14.05,-0.000254999530985022,0.00948312618828205
14.06,-0.000279324981353496,0.0094641564404041
14.07,-0.000302999277287588,0.00944580805015204
14.08,-0.000326040108296219,0.00942807368763049
14.09,-0.000348465163888307,0.00941094602294409
14.1,-0.000370292133572783,0.00939441772619747
14.11,-0.000391538706858562,0.00937848146749528
14.12,-0.000412222573254572,0.00936312991694215
14.13,-0.000432361422269725,0.00934835574464271
14.14,-0.000451972941275032,0.00933415140904796
14.15,-0.000471074768469442,0.0093205045005752
14.16,-0.000489688245453175,0.00930739355852927
14.17,-0.000507849721981855,0.00929478017824652
14.18,-0.000525599300384435,0.0092826217719846
14.19,-0.000542977082989875,0.00927087575200113
14.2,-0.00056002317212713,0.00925949953055375
14.21,-0.000576777670125148,0.0092484505199001
14.22,-0.000593280676110731,0.00923768581528434
14.23,-0.000609572215561082,0.0092271552206407
14.24,-0.000625692240303809,0.00921680124859351
14.25,-0.000641680698964364,0.00920656609475361
14.26,-0.000657580945224083,0.00919639431583404
14.27,-0.000673449952987864,0.00918623991295661
14.28,-0.000689348101216483,0.00917605924834531
14.29,-0.000705335768870722,0.00916580868422417
14.3,-0.000721473334911356,0.00915544458281717
14.31,-0.000737821161508876,0.00914492164410965
14.32,-0.000754439543672614,0.00913418791913229
14.33,-0.000771388759621613,0.00912318979667707
14.34,-0.000788729087574911,0.009111873665536
14.35,-0.000806520805751555,0.00910018591450106
14.36,-0.0008248215977276,0.00908807434613072
14.37,-0.00084367876850716,0.00907549241804927
14.38,-0.000863137028451354,0.00906239500164746
14.39,-0.000883241099531892,0.00904873811776337
14.4,-0.000904035750162792,0.00903448238502436
14.41,-0.000925565760368656,0.00901958957150511
14.42,-0.000947875910174079,0.00900402144528033
14.43,-0.000971010979603669,0.00898773977442467
14.44,-0.000995015748682023,0.00897070632701285
14.45,-0.00101993499743374,0.00895288287111953
14.46,-0.00104581350588343,0.00893423117481941
14.47,-0.00107268207521576,0.00891472138495083
14.48,-0.00110051566739174,0.00889436470086257
14.49,-0.00112927535368982,0.00887318942824757
14.5,-0.0011589222093956,0.00885122426950696
14.51,-0.0011894173097947,0.00882849792704186
14.52,-0.00122072173017273,0.00880503910325342
14.53,-0.00125279654581531,0.00878087650054276
14.54,-0.00128560283200804,0.00875603882131101
14.55,-0.00131910166887527,0.00873055524699445
14.56,-0.00135325424783233,0.00870446597683753
14.57,-0.00138801674248276,0.00867782208424394
14.58,-0.00142332481485757,0.00865067454705666
14.59,-0.00145910899788498,0.00862307419946973
14.6,-0.00149529982449318,0.00859507187567718
14.61,-0.00153182782761041,0.00856671840987307
14.62,-0.00156862354016486,0.0085380646362514
14.63,-0.00160561749508473,0.00850916138900624
14.64,-0.00164274025216419,0.00848006216205963
14.65,-0.00167992247866113,0.00845083108824575
14.66,-0.0017170948686994,0.0084215349601268
14.67,-0.00175418811640287,0.00839224057026495
14.68,-0.00179114488787209,0.00836300205881479
14.69,-0.0018279557371146,0.00833382295630045
14.7,-0.00186462319011464,0.00830469414083844
14.71,-0.00190114977285644,0.00827560649054529
14.72,-0.00193753800976629,0.00824655072929811
14.73,-0.00197379041903856,0.00821751696401646
14.74,-0.00200990951730965,0.00818849514738053
14.75,-0.00204589782121598,0.00815947523207046
14.76,-0.00208175784739395,0.00813044717076644
14.77,-0.00211749211247996,0.00810140091614864
14.78,-0.00215310515908169,0.00807232973677808
14.79,-0.00218860963369197,0.00804324016473918
14.8,-0.00222402020631663,0.00801414180463485
14.81,-0.00225935149042283,0.00798503866373267
14.82,-0.00229461804293894,0.00795592915196494
14.83,-0.00232983441833517,0.00792681143590154
14.84,-0.0023650151710817,0.00789768368211238
14.85,-0.00240017485564871,0.00786854405716735
14.86,-0.00243532802650639,0.00783939072763634
14.87,-0.00247048923812493,0.00781022186008924
14.88,-0.00250567304386083,0.00778103551084285
14.89,-0.00254088247632104,0.00775184212087884
14.9,-0.00257607456195718,0.0077227092773031
14.91,-0.00261119483097202,0.00769371937745483
14.92,-0.0026461888135683,0.00766495481867324
14.93,-0.00268100203994875,0.00763649799829752
14.94,-0.00271558004031612,0.00760843131366688
14.95,-0.00274986834487316,0.00758083716212053
14.96,-0.0027838124838226,0.00755379794099766
14.97,-0.00281735801810123,0.00752739909030705
14.98,-0.00285045063158197,0.00750173822073572
14.99,-0.00288303874754925,0.00747690093774355
15,-0.00291508162399736,0.00745291265520361
15.01,-0.00294654122759805,0.00742978373909224
15.02,-0.00297737952502306,0.0074075245553858
15.03,-0.00300755848294416,0.00738614547006065
15.04,-0.0030370400680331,0.00736565684909312
15.05,-0.00306578628504136,0.00734607282835399
15.06,-0.0030937592910394,0.00732742262329159
15.07,-0.00312092128117744,0.00730973921924868
15.08,-0.00314723445060567,0.00729305560156801
15.09,-0.00317266099447429,0.00727740475559234
15.1,-0.00319716790472549,0.00726281441977281
15.11,-0.00322074136046949,0.00724929134499421
15.12,-0.00324337233760848,0.0072368370352497
15.13,-0.0032650518118594,0.00722545297619226
15.14,-0.00328577075467833,0.00721514023164973
15.15,-0.00330552013326051,0.00720589944362484
15.16,-0.0033242909146159,0.00719773123578013
15.17,-0.00334207406575448,0.00719063623177809
15.18,-0.00335886055368621,0.00718461505528127
15.19,-0.00337464134542107,0.00717966832995216
15.2,-0.00338940572378439,0.00717580561199902
15.21,-0.00340313622975115,0.00717307168173686
15.22,-0.00341581360253845,0.00717150861227622
15.23,-0.00342741846379017,0.0071711468369774
15.24,-0.0034379314300383,0.00717201628312461
15.25,-0.00344733311781484,0.00717414687800208
15.26,-0.00345560414365177,0.00717756854889402
15.27,-0.00346272512408109,0.00718231122308464
15.28,-0.0034686766756348,0.00718840482785815
15.29,-0.00347343941484488,0.00719587929049878
15.3,-0.00347699602152459,0.0072047528725471
15.31,-0.00347933742861218,0.0072149971725692
15.32,-0.00348045663232715,0.00722657212338752
15.33,-0.00348034662888902,0.00723943765782452
15.34,-0.00347900041451728,0.00725355370870264
15.35,-0.00347641098543145,0.00726888020884432
15.36,-0.00347257133785103,0.00728537709107203
15.37,-0.00346747446799554,0.0073030042882082
15.38,-0.00346111334840426,0.0073217193887348
15.39,-0.00345348040697175,0.00734142606130246
15.4,-0.00344456752694777,0.00736197405473048
15.41,-0.00343437417246168,0.00738320433931213
15.42,-0.00342293022588189,0.00740493214859841
15.43,-0.00341027317413661,0.00742696628195479
15.44,-0.00339644050415405,0.00744911553874672
15.45,-0.0033814697028624,0.00747118871833967
15.46,-0.00336539824211477,0.00749299312766414
15.47,-0.00334826324703694,0.00751430174764737
15.48,-0.00333010149602741,0.00753485323321327
15.49,-0.00331094975240956,0.00755438474685081
15.5,-0.00329084477950679,0.00757263345104899
15.51,-0.0032698328324297,0.00758933421442745
15.52,-0.00324799813343788,0.00760421273012855
15.53,-0.00322543439657812,0.00761699239742532
15.54,-0.00320223533589722,0.00762739661559078
15.55,-0.00317849486346305,0.00763516838798488
15.56,-0.00315430768342783,0.00764012913431523
15.57,-0.00312976869796482,0.00764211987837636
15.58,-0.0031049728092473,0.00764098164396278
15.59,-0.00308001491944856,0.00763655545486902
15.6,-0.00305498993074188,0.00762868233488963
15.61,-0.00302999274530053,0.00761720330781911
15.62,-0.00300511248692388,0.00760197707669777
15.63,-0.0029804155874654,0.0075829747949769
15.64,-0.00295596438660374,0.00756035222906468
15.65,-0.00293182164556734,0.00753430687879712
15.66,-0.00290805012558463,0.00750503624401023
15.67,-0.00288471258788404,0.00747273782453999
15.68,-0.002861871793694,0.00743760912022241
15.69,-0.00283959050424296,0.00739984763089348
15.7,-0.00281793148075933,0.00735965085638921
15.71,-0.00279695752857969,0.00731722066325183
15.72,-0.00277672466167309,0.00727285807573175
15.73,-0.00275725868507645,0.00722695944618184
15.74,-0.00273857764208001,0.00717992421712594
15.75,-0.00272069957597401,0.00713215183108796
15.76,-0.00270364253004867,0.00708404173059175
15.77,-0.00268742454759424,0.00703599335816116
15.78,-0.00267206367190094,0.00698840615632007
15.79,-0.00265757793356422,0.0069416783108092
15.8,-0.00264398507119962,0.00689617910135661
15.81,-0.00263130253144274,0.00685224890167778
15.82,-0.0026195477482344,0.00681022682870497
15.83,-0.00260873307066985,0.00677044862591329
15.84,-0.00259885050846204,0.00673323654294903
15.85,-0.00258988698647832,0.00669890945600126
15.86,-0.00258182942958608,0.00666778624125906
15.87,-0.00257466476265268,0.0066401857749115
15.88,-0.00256837938782693,0.00661637518401017
15.89,-0.00256295761638339,0.00659641459905656
15.9,-0.00255838323687807,0.00658031240141467
15.91,-0.00255464003786698,0.00656807697244848
15.92,-0.00255171180790612,0.006559716693522
15.93,-0.00254957853254911,0.00655524202511542
15.94,-0.00254820498534002,0.00655467174417384
15.95,-0.00254755213682056,0.00655802670675857
15.96,-0.00254758046627126,0.0065652791340766
15.97,-0.00254824848792804,0.00657620670791753
15.98,-0.00254951422476568,0.00659053847521662
15.99,-0.00255133569975893,0.00660800348290916
16,-0.00255367093588255,0.0066283307779304
16.01,-0.00255647795611133,0.00665124940721563
16.02,-0.00255971478342001,0.00667648841770012
16.03,-0.00256333944078337,0.00670377685631913
16.04,-0.00256731036154648,0.00673284213269918
16.05,-0.0025715877272536,0.00676341567230379
16.06,-0.00257613225338736,0.00679523949652904
16.07,-0.00258090466104716,0.00682805618282736
16.08,-0.00258586567133237,0.00686160830865125
16.09,-0.00259097600534238,0.00689563845145321
16.1,-0.00259619638417658,0.00692988918868568
16.11,-0.00260148752893434,0.00696410309780115
16.12,-0.00260681021463191,0.00699802809402197
16.13,-0.00261212645637351,0.00703153486127728
16.14,-0.00261740261451982,0.0070646141635759
16.15,-0.00262261752402267,0.007097251348188
16.16,-0.00262775312500242,0.0071294290737566
16.17,-0.00263279135757945,0.00716112999892468
16.18,-0.00263771416187413,0.00719233678233526
16.19,-0.00264250347800683,0.00722303208263135
16.2,-0.00264714124609794,0.00725319855845599
16.21,-0.00265160959560286,0.0072828376126226
16.22,-0.00265589141331726,0.00731202562462647
16.23,-0.00265996977537183,0.00734085771813334
16.24,-0.00266383071416938,0.00736942812296358
16.25,-0.00266747208720113,0.00739782749355617
16.26,-0.0026708947082304,0.00742614559050473
16.27,-0.0026740993910205,0.0074544721744029
16.28,-0.00267708694933475,0.0074828970058443
16.29,-0.00267985815674957,0.00751150586691891
16.3,-0.00268241362609375,0.00754036862570224
16.31,-0.00268475393000917,0.00756955117176609
16.32,-0.00268687964113772,0.0075991193946823
16.33,-0.00268879133212129,0.00762913918402272
16.34,-0.00269048957560176,0.00765967642935919
16.35,-0.00269197814080799,0.00769078891240222
16.36,-0.00269327358331668,0.00772250198341714
16.37,-0.002694395648965,0.00775483225848322
16.38,-0.00269536393808033,0.00778778194821066
16.39,-0.00269619790548024,0.00782133885774056
16.4,-0.00269691699965582,0.00785549016588933
16.41,-0.00269754066909814,0.00789022305147336
16.42,-0.00269808836229826,0.00792552469330902
16.43,-0.00269857952774727,0.00796138227021269
16.44,-0.00269903361393624,0.00799778296100076
16.45,-0.00269946948692357,0.00803471640674868
16.46,-0.00269990360238774,0.00807217411328992
16.47,-0.00270035174019117,0.00811014080376354
16.48,-0.0027008296759516,0.00814860078108347
16.49,-0.00270135318528677,0.00818753834816359
16.5,-0.00270193804381441,0.00822693780791777
16.51,-0.00270260002715225,0.00826678346325992
16.52,-0.00270335491091804,0.00830705961710396
16.53,-0.0027042184707295,0.00834775057236377
16.54,-0.00270520645956823,0.00838883839097558
16.55,-0.00270633453987127,0.00843029617096507
16.56,-0.0027076152011404,0.00847210200672138
16.57,-0.00270904833168076,0.00851426294199825
16.58,-0.00271063066949839,0.00855679325789061
16.59,-0.00271235895259929,0.00859970723549338
16.6,-0.00271422991898949,0.00864301915590146
16.61,-0.00271624030667501,0.00868674330020975
16.62,-0.0027183868430799,0.00873089290189916
16.63,-0.00272066621330038,0.0087754770039945
16.64,-0.00272307509185072,0.00882050360190654
16.65,-0.00272561015324517,0.00886598069104608
16.66,-0.00272826517616757,0.00891191843016686
16.67,-0.00273102235598009,0.00895833563139432
16.68,-0.00273386099221448,0.00900525327019687
16.69,-0.00273676038440251,0.00905269232204289
16.7,-0.00273969983186747,0.00910067374176588
16.71,-0.00274265862913871,0.00914921800959547
16.72,-0.0027456160659516,0.00919834513115762
16.73,-0.00274855143183306,0.00924807509144331
16.74,-0.00275144401631003,0.00929842787544352
16.75,-0.00275427310890942,0.00934942346814921
16.76,-0.00275701799915818,0.00940108185455138
16.77,-0.00275965862373388,0.00945342453203161
16.78,-0.00276217750818898,0.00950647907448034
16.79,-0.00276455783148689,0.00956027518795122
16.8,-0.00276678277885137,0.00961484319827056
16.81,-0.00276883553577838,0.00967021345821127
16.82,-0.00277069928776385,0.00972641632054623
16.83,-0.00277235722030373,0.00978348213804836
16.84,-0.00277379251889398,0.00984144126349062
16.85,-0.00277498836903052,0.00990032404964589
16.86,-0.00277592795620932,0.00996016084928706
16.87,-0.00277659771507204,0.0100209761462263
16.88,-0.00277699707684321,0.0100827709484324
16.89,-0.00277712872189308,0.0101455403949134
16.9,-0.00277699533059192,0.0102092796246774
16.91,-0.00277659958330998,0.0102739837767324
16.92,-0.00277594416041752,0.0103396479900865
16.93,-0.00277503174228479,0.0104062674037477
16.94,-0.00277386500928204,0.010473837156724
16.95,-0.00277244663475365,0.0105423516924604
16.96,-0.00277077926394041,0.0106118026721493
16.97,-0.00276886553505724,0.0106821810614199
16.98,-0.00276670931311849,0.0107534751305381
16.99,-0.0027643193703362,0.0108256623683161
17,-0.00276170570572184,0.0108987175682027
17.01,-0.0027588783182869,0.0109726155236467
17.02,-0.00275584720704285,0.011047331028097
17.03,-0.0027526223701042,0.0111228387862026
17.04,-0.00274921378495522,0.0111991114602197
17.05,-0.00274563140844997,0.0112761196700116
17.06,-0.00274188519654552,0.0113538339466418
17.07,-0.00273798510519895,0.0114322248211738
17.08,-0.0027339444790352,0.0115112571624404
17.09,-0.00272979021735059,0.0115908731903515
17.1,-0.00272555260810931,0.0116710094625862
17.11,-0.00272126193967915,0.0117516025767786
17.12,-0.00271694850971039,0.0118325900495331
17.13,-0.00271264262513586,0.0119139103164235
17.14,-0.00270837459329198,0.0119955018529791
17.15,-0.00270417472151515,0.0120773031347291
17.16,-0.00270007331714177,0.0121592526372027
17.17,-0.00269610068750827,0.0122412888359292
17.18,-0.00269228768045177,0.0123233505009863
17.19,-0.00268866730581225,0.0124053775806459
17.2,-0.00268527312998744,0.0124873119073743
17.21,-0.00268213878360317,0.0125691016722192
17.22,-0.00267929791334229,0.0126506966558738
17.23,-0.00267678416588764,0.0127320466390316
17.24,-0.00267463118792208,0.0128131014023857
17.25,-0.00267287262612846,0.0128938107266295
17.26,-0.00267154212718964,0.0129741243924562
17.27,-0.00267067333778845,0.0130539921805592
17.28,-0.00267029992974216,0.0131333663599385
17.29,-0.00267044667291065,0.0132122176961467
17.3,-0.002671102352308,0.0132905536163433
17.31,-0.00267224675045329,0.0133683900910135
17.32,-0.00267385964986557,0.013445743090642
17.33,-0.00267592083306389,0.0135226285857138
17.34,-0.00267841008256732,0.0135990625467139
17.35,-0.00268130718089491,0.013675060944127
17.36,-0.00268459191256493,0.0137506399463595
17.37,-0.00268824410807736,0.0138258202740085
17.38,-0.00269224364391393,0.0139006271998621
17.39,-0.00269656858719244,0.0139750860714742
17.4,-0.00270118975957827,0.0140492217437771
17.41,-0.0027060761713737,0.0141230589485479
17.42,-0.00271119683288101,0.0141966224175636
17.43,-0.00271652075440245,0.0142699368826012
17.44,-0.00272201694344668,0.0143430267988692
17.45,-0.00272765434326912,0.0144159102605059
17.46,-0.00273340183287194,0.0144885990005784
17.47,-0.0027392282884637,0.0145611044755861
17.48,-0.00274510258625295,0.0146334381420279
17.49,-0.00275099360244825,0.014705611456403
17.5,-0.00275687393441329,0.014777638586446
17.51,-0.00276273106413224,0.0148495445448343
17.52,-0.00276855619474444,0.0149213570554808
17.53,-0.00277434047865206,0.0149930988193227
17.54,-0.00278007486530878,0.0150647724453937
17.55,-0.00278575025343114,0.0151363755197522
17.56,-0.00279135754173568,0.0152079056284563
17.57,-0.00279688762893895,0.0152793603575642
17.58,-0.00280233141375749,0.015350737293134
17.59,-0.00280767979490783,0.0154220340212239
17.6,-0.0028129231006855,0.0154932528440705
17.61,-0.00281804934261834,0.0155644114553575
17.62,-0.00282304582147917,0.0156355183718785
17.63,-0.00282789980295728,0.0157065786371601
17.64,-0.00283259855274198,0.015777597294729
17.65,-0.00283712933652256,0.0158485793881116
17.66,-0.00284147941998833,0.0159195299608347
17.67,-0.00284563606882859,0.0159904540564249
17.68,-0.00284958654873262,0.0160613567184086
17.69,-0.00285331812764173,0.0161322432132595
17.7,-0.00285681812529295,0.0162031239352302
17.71,-0.00286007315684799,0.0162740151833236
17.72,-0.0028630668142362,0.0163449365873728
17.73,-0.00286578193301588,0.0164159085541819
17.74,-0.00286820134874532,0.0164869514905548
17.75,-0.00287030789698278,0.0165580858032955
17.76,-0.00287208441328656,0.0166293318992082
17.77,-0.00287351373321494,0.0167007101850969
17.78,-0.00287457875011802,0.0167722467891557
17.79,-0.00287526258851319,0.0168439907251394
17.8,-0.00287554843070965,0.0169159967281929
17.81,-0.00287542364966102,0.0169883051655994
17.82,-0.00287489238089864,0.0170608989331954
17.83,-0.00287396295059824,0.0171337465589559
17.84,-0.0028726436849356,0.0172068165708555
17.85,-0.00287094291008645,0.0172800774968693
17.86,-0.00286886898346714,0.0173535009577899
17.87,-0.00286643038745634,0.0174270709456822
17.88,-0.00286363563567333,0.0175007745454289
17.89,-0.00286049324173736,0.0175745988419126
17.9,-0.00285701171926772,0.0176485309200161
17.91,-0.00285319958188365,0.0177225578646222
17.92,-0.00284906912898797,0.0177966673929642
17.93,-0.00284464780311766,0.0178708497516782
17.94,-0.00283996682784723,0.0179450953498969
17.95,-0.00283505731759319,0.0180193837901093
17.96,-0.00282995027761403,0.0180936838681605
17.97,-0.00282467670842221,0.0181679639100414
17.98,-0.00281926761053022,0.0182421922417433
17.99,-0.00281375398445055,0.0183163371892572
18,-0.00280816683069568,0.018390367078574
18.01,-0.00280253714977809,0.0184642502356849
18.02,-0.00279689479474666,0.0185379640469463
18.03,-0.00279126490356117,0.0186115097419383
18.04,-0.00278567132170917,0.0186848832547516
18.05,-0.0027801378880869,0.0187580798669385
18.06,-0.0027746884415906,0.0188310948600508
18.07,-0.00276934682111652,0.0189039235156407
18.08,-0.00276413686556091,0.0189765611152602
18.09,-0.00275908241382001,0.0190490029404613
18.1,-0.00275420730479006,0.0191212442727962
18.11,-0.0027495353862096,0.0191932812692028
18.12,-0.00274509076100684,0.0192651084470083
18.13,-0.00274089842023457,0.0193367006343054
18.14,-0.0027369835747661,0.0194080275180319
18.15,-0.00273337143547478,0.0194790587851253
18.16,-0.00273008721323394,0.0195497641225233
18.17,-0.00272715611891691,0.0196201132171635
18.18,-0.00272460336339702,0.0196900757559836
18.19,-0.00272245423701485,0.0197596292931775
18.2,-0.00272073434797989,0.0198287828519641
18.21,-0.0027194693839689,0.0198975533228184
18.22,-0.00271868503265861,0.0199659575962157
18.23,-0.00271840020529803,0.0200340086266165
18.24,-0.00271860670742521,0.0201017036244232
18.25,-0.00271928956815044,0.0201690358640235
18.26,-0.00272043381658405,0.0202359986198052
18.27,-0.00272202449341873,0.020302586312813
18.28,-0.0027240469057422,0.0203688197371989
18.29,-0.00272648662703722,0.0204347460602222
18.3,-0.00272932924236892,0.0205004135957993
18.31,-0.00273256033680245,0.0205658706578465
18.32,-0.00273616549540295,0.02063116556028
18.33,-0.00274011153535168,0.0206963586593156
18.34,-0.00274429020229441,0.0207615584803677
18.35,-0.00274857447965487,0.0208268861516706
18.36,-0.00275283748107875,0.0208924756934349
18.37,-0.00275695245043375,0.0209584740178471
18.38,-0.00276079263724935,0.0210250285976145
18.39,-0.00276423129105507,0.0210922869054442
18.4,-0.00276714166138042,0.0211603964140436
18.41,-0.00276939699775489,0.0212295045961199
18.42,-0.00277087054970801,0.0212997589243802
18.43,-0.00277143556676927,0.0213713068715318
18.44,-0.00277096502968832,0.0214442902391538
18.45,-0.00276933084409541,0.021518828144313
18.46,-0.00276640464684091,0.0215950340329476
18.47,-0.00276205807477522,0.0216730213509962
18.48,-0.0027561627647487,0.0217529035443974
18.49,-0.00274859035361175,0.0218347940590896
18.5,-0.00273921247821475,0.0219188063410113
18.51,-0.00272790077540808,0.0220050538361009
18.52,-0.00271452681980712,0.022093643829032
18.53,-0.00269896193708726,0.0221846589594173
18.54,-0.00268109414538079,0.0222781703421751
18.55,-0.00266087848158778,0.0223742276385058
18.56,-0.0026382867373002,0.0224728751461805
18.57,-0.00261329070411005,0.02257415716297
18.58,-0.0025858621736093,0.0226781179866454
18.59,-0.00255597293738995,0.0227848019149777
18.6,-0.00252359476649819,0.0228942512117052
18.61,-0.00248869895942718,0.023006461357815
18.62,-0.00245125634211704,0.0231213810515432
18.63,-0.0024112377199621,0.0232389569570933
18.64,-0.00236861389835671,0.0233591357386684
18.65,-0.00232336459346549,0.0234818829650854
18.66,-0.00227550516453418,0.0236072398236137
18.67,-0.00222505988157887,0.0237352664061358
18.68,-0.00217205298852907,0.0238660202219614
18.69,-0.00211650812932248,0.0239994993812201
18.7,-0.00205844834790511,0.0241356425948614
18.71,-0.00199789666213648,0.0242743859912617
18.72,-0.001934876089876,0.0244156656987976
18.73,-0.00186940964898306,0.0245594178458455
18.74,-0.00180152035731714,0.0247055785607819
18.75,-0.00173124250969487,0.0248540945774759
18.76,-0.0016586555087615,0.0250049550517673
18.77,-0.00158384989494834,0.025158145967053
18.78,-0.00150691565200254,0.0253135981949868
18.79,-0.00142794262450014,0.0254712288292869
18.8,-0.00134702065701711,0.0256309549636715
18.81,-0.00126423959412952,0.0257926936918586
18.82,-0.00117968928041342,0.0259563621075664
18.83,-0.00109345956044481,0.0261218773045132
18.84,-0.0010056402787997,0.0262891563764171
18.85,-0.000916321253059112,0.0264581137444918
18.86,-0.00082558613567837,0.0266286602007518
18.87,-0.000733494323534514,0.0268007321079845
18.88,-0.000640099156358898,0.0269742728897961
18.89,-0.000545453973882876,0.0271492259697927
18.9,-0.000449612115837739,0.0273255347715809
18.91,-0.00035262692195477,0.0275031427187669
18.92,-0.000254551731965344,0.027681993234957
18.93,-0.00015543988964485,0.0278620301441204
18.94,-5.53448317822573e-05,0.0280432064785721
18.95,4.56799118199271e-05,0.028225484478973
18.96,0.000147600560547655,0.0284088357267277
18.97,0.000250462346718065,0.0285932675647645
18.98,0.000354330255881004,0.0287787962763929
18.99,0.000459269273586246,0.0289654381449221
19,0.000565344385383546,0.0291532094536613
19.01,0.000672620571823122,0.0293421269808868
19.02,0.000781162698462829,0.0295322188891136
19.03,0.000891035515868152,0.0297235247250954
19.04,0.00100230376960491,0.0299160845305527
19.05,0.00111503220523904,0.0301099383472063
19.06,0.00122928628605209,0.0303051189219169
19.07,0.00134513434618851,0.030501629822106
19.08,0.00146264543750857,0.0306994673203351
19.09,0.00158188861187258,0.0308986276891662
19.1,0.00170293285070735,0.0310991141740638
19.11,0.00182584685370624,0.0313009579121047
19.12,0.00195069925012939,0.0315041970132691
19.13,0.0020775586692368,0.0317088695875369
19.14,0.00220649374028848,0.031915013744888
19.15,0.00233757309254451,0.0321226675953023
19.16,0.00247086535526498,0.03233186924876
19.17,0.0026064129641752,0.0325426067959034
19.18,0.00274415342291725,0.0327546838865106
19.19,0.00288399740982142,0.0329679166969657
19.2,0.00302585544527373,0.0331821370401387
19.21,0.0031696380496599,0.033397176728899
19.22,0.00331525574336596,0.0336128675761165
19.23,0.00346261904677789,0.0338290413946613
19.24,0.00361163848028153,0.0340455299974029
19.25,0.00376222456426281,0.0342621651972113
19.26,0.00391428779020639,0.0344787816681832
19.27,0.00406772919279181,0.0346952890223318
19.28,0.00422241397366635,0.0349116991986669
19.29,0.00437819851350035,0.0351280361271189
19.3,0.00453493919296432,0.0353443237376186
19.31,0.00469249239272862,0.0355605859600963
19.32,0.00485071449346356,0.0357768467244826
19.33,0.00500946187583966,0.0359931299607082
19.34,0.00516859088347248,0.0362094632671348
19.35,0.00532795700771572,0.0364259586160417
19.36,0.00548741488766128,0.0366428123536257
19.37,0.00564681912534636,0.0368602244945149
19.38,0.00580607209159324,0.0370783910230927
19.39,0.00596526723236516,0.0372974918027636
19.4,0.00612454576241066,0.0375177026666876
19.41,0.00628404889647838,0.0377391994480249
19.42,0.00644391784931678,0.0379621579799352
19.43,0.00660429362151357,0.0381867752974921
19.44,0.00676531635701362,0.0384133332434233
19.45,0.00692712598560112,0.03864213486237
19.46,0.00708986243705991,0.0388734831989733
19.47,0.00725366564117417,0.0391076812978745
19.48,0.00741872476211347,0.0393450189936815
19.49,0.00758542590158917,0.0395857332808697
19.5,0.00775420439569804,0.0398300479438805
19.51,0.00792549543010146,0.0400782016602785
19.52,0.00809973358871825,0.040330492680117
19.53,0.00827735330503189,0.0405872341465723
19.54,0.00845878901252563,0.0408487392028201
19.55,0.00864447514468296,0.0411153209920366
19.56,0.00883484613498708,0.0413872926573974
19.57,0.00903033641692156,0.0416649673420789
19.58,0.00923138042396965,0.0419486581892568
19.59,0.00943842461545645,0.0422386916432039
19.6,0.00965196351866976,0.042535450857639
19.61,0.00987250364574402,0.0428393363458665
19.62,0.0101005515069507,0.0431507488056681
19.63,0.0103366136125607,0.0434700889348249
19.64,0.0105811964728455,0.0437977574311185
19.65,0.0108348065980761,0.0441341549923302
19.66,0.0110979504985239,0.0444796823162415
19.67,0.0113711347368596,0.0448347349130801
19.68,0.0116548670809431,0.0451995889793391
19.69,0.0119495837504179,0.0455743957422432
19.7,0.0122554300037034,0.0459592786193247
19.71,0.0125724783458136,0.0463543553725822
19.72,0.0129008012817619,0.0467597437640134
19.73,0.0132404713165626,0.0471755615556169
19.74,0.0135915609552291,0.0476019265093907
19.75,0.0139541427027751,0.0480389563873328
19.76,0.0143282897429942,0.0484867017522661
19.77,0.0147140779747975,0.0489449443703107
19.78,0.0151115839758766,0.0494133988084117
19.79,0.0155208843239221,0.0498917796335137
19.8,0.0159419412632996,0.0503798031082386
19.81,0.0163742597050713,0.0508771922779148
19.82,0.0168172302269744,0.0513836718835483
19.83,0.0172702434067454,0.0518989666661443
19.84,0.0177326902572786,0.0524227582860888
19.85,0.0182039635321001,0.0529545560812903
19.86,0.0186834564198928,0.0534938263090371
19.87,0.0191705621093404,0.0540400352266185
19.88,0.0196646737891261,0.0545926490913227
19.89,0.0201651846479334,0.0551511341604387
19.9,0.0206714879646648,0.0557149356375116
19.91,0.0211829773791003,0.0562834145111118
19.92,0.02169904658881,0.0568559139264967
19.93,0.0222190885455064,0.0574318508688334
19.94,0.0227424954550448,0.0580107161631994
19.95,0.0232686594908513,0.0585920038451024
19.96,0.0237969728263526,0.0591752079500507
19.97,0.0243268276349747,0.059759822513552
19.98,0.0248576160901444,0.0603453415711147
19.99,0.025388730365288,0.0609312591582465
20,0.0259195626338315,0.0615170693104555
